{"v":"5.10.2","fr":30,"ip":0,"op":60,"w":30,"h":30,"nm":"arrow-rotate","ddd":0,"assets":[],"layers":[{"ddd":0,"ind":1,"ty":4,"nm":"arrow-rotate","sr":1,"ks":{"o":{"a":0,"k":100,"ix":11},"r":{"a":1,"k":[{"i":{"x":[0.833],"y":[0.833]},"o":{"x":[0.167],"y":[0.167]},"t":0,"s":[0]},{"i":{"x":[0.833],"y":[0.833]},"o":{"x":[0.167],"y":[0.167]},"t":44,"s":[200]},{"t":60,"s":[360]}],"ix":10},"p":{"a":0,"k":[15,15,0],"ix":2,"l":2},"a":{"a":0,"k":[0,0,0],"ix":1,"l":2},"s":{"a":0,"k":[100,100,100],"ix":6,"l":2}},"ao":0,"shapes":[{"ty":"gr","it":[{"ind":0,"ty":"sh","ix":1,"ks":{"a":0,"k":{"i":[[0,-0.828],[0,0],[3.389,0],[1.441,-4.074],[-0.781,-0.277],[-0.276,0.778],[-3.22,0],[-1.369,-1.823],[0,0],[0,-0.83],[-0.83,0],[0,0],[-0.023,0],[0,0],[0,0.83],[0,0],[0.83,0]],"o":[[0,0],[-1.964,-2.437],[-4.533,0],[-0.276,0.741],[0.781,0.277],[1.031,-2.916],[2.494,0],[0,0],[-0.83,0],[0,0.83],[0,0],[0.023,0],[0,0],[0.83,0],[0,0],[0,-0.828],[-0.83,0]],"v":[[8.25,-8.25],[8.25,-6.497],[-0.042,-10.5],[-9.902,-3.502],[-8.988,-1.584],[-7.073,-2.498],[-0.042,-7.5],[6,-4.5],[4.5,-4.5],[3,-3],[4.5,-1.5],[8.452,-1.5],[8.522,-1.5],[9.75,-1.5],[11.25,-3],[11.25,-8.25],[9.75,-9.75]],"c":true},"ix":2},"nm":"Path 1","mn":"ADBE Vector Shape - Group","hd":false},{"ind":1,"ty":"sh","ix":2,"ks":{"a":0,"k":{"i":[[0,0],[-0.828,0],[0,0.83],[0,0],[-3.347,0],[-1.439,4.073],[0.783,0.277],[0.277,-0.778],[3.262,0],[1.411,1.823],[0,0],[0,0.83],[0.83,0],[0,0],[0,-0.83]],"o":[[0,0.83],[0.828,0],[0,0],[1.922,2.438],[4.575,0],[0.277,-0.783],[-0.778,-0.277],[-1.031,2.916],[-2.452,0],[0,0],[0.83,0],[0,-0.83],[0,0],[-0.828,0],[0,0]],"v":[[-11.25,8.25],[-9.75,9.75],[-8.25,8.25],[-8.25,6.497],[0,10.5],[9.9,3.502],[8.986,1.584],[7.073,2.498],[0,7.5],[-6.042,4.5],[-4.5,4.5],[-3,3],[-4.5,1.5],[-9.75,1.5],[-11.25,3]],"c":true},"ix":2},"nm":"Path 2","mn":"ADBE Vector Shape - Group","hd":false},{"ty":"mm","mm":1,"nm":"Merge Paths 1","mn":"ADBE Vector Filter - Merge","hd":false},{"ty":"fl","c":{"a":0,"k":[0.137254908681,0.137254908681,0.137254908681,1],"ix":4},"o":{"a":0,"k":100,"ix":5},"r":1,"bm":0,"nm":"Fill 1","mn":"ADBE Vector Graphic - Fill","hd":false},{"ty":"tr","p":{"a":0,"k":[0,0],"ix":2},"a":{"a":0,"k":[0,0],"ix":1},"s":{"a":0,"k":[100,100],"ix":3},"r":{"a":0,"k":0,"ix":6},"o":{"a":0,"k":100,"ix":7},"sk":{"a":0,"k":0,"ix":4},"sa":{"a":0,"k":0,"ix":5},"nm":"Transform"}],"nm":"Vector","np":4,"cix":2,"bm":0,"ix":1,"mn":"ADBE Vector Group","hd":false}],"ip":0,"op":60,"st":0,"ct":1,"bm":0}],"markers":[]}