{"v":"5.10.2","fr":30,"ip":0,"op":100,"w":24,"h":24,"nm":"icon-send","ddd":0,"assets":[],"layers":[{"ddd":0,"ind":1,"ty":4,"nm":"MASK","td":1,"sr":1,"ks":{"o":{"a":0,"k":100,"ix":11},"r":{"a":0,"k":0,"ix":10},"p":{"a":0,"k":[12,12,0],"ix":2,"l":2},"a":{"a":0,"k":[0.125,0.125,0],"ix":1,"l":2},"s":{"a":0,"k":[87.368,87.368,100],"ix":6,"l":2}},"ao":0,"shapes":[{"ty":"gr","it":[{"d":1,"ty":"el","s":{"a":0,"k":[23.75,23.75],"ix":2},"p":{"a":0,"k":[0,0],"ix":3},"nm":"Ellipse Path 1","mn":"ADBE Vector Shape - Ellipse","hd":false},{"ty":"fl","c":{"a":0,"k":[1,1,1,1],"ix":4},"o":{"a":0,"k":100,"ix":5},"r":1,"bm":0,"nm":"Fill 1","mn":"ADBE Vector Graphic - Fill","hd":false},{"ty":"tr","p":{"a":0,"k":[0.125,0.125],"ix":2},"a":{"a":0,"k":[0,0],"ix":1},"s":{"a":0,"k":[100,100],"ix":3},"r":{"a":0,"k":0,"ix":6},"o":{"a":0,"k":100,"ix":7},"sk":{"a":0,"k":0,"ix":4},"sa":{"a":0,"k":0,"ix":5},"nm":"Transform"}],"nm":"Ellipse 1","np":3,"cix":2,"bm":0,"ix":1,"mn":"ADBE Vector Group","hd":false}],"ip":0,"op":100,"st":0,"ct":1,"bm":0},{"ddd":0,"ind":2,"ty":4,"nm":"Arrow","tt":1,"tp":1,"sr":1,"ks":{"o":{"a":0,"k":100,"ix":11},"r":{"a":0,"k":0,"ix":10},"p":{"a":1,"k":[{"i":{"x":0.667,"y":1},"o":{"x":0.333,"y":0},"t":0,"s":[-1.009,25.009,0],"to":[0,0,0],"ti":[0,0,0]},{"i":{"x":0.667,"y":1},"o":{"x":0.333,"y":0},"t":33,"s":[11.695,12.306,0],"to":[0,0,0],"ti":[0,0,0]},{"t":53,"s":[24.398,-0.397,0]}],"ix":2,"l":2},"a":{"a":0,"k":[0,0,0],"ix":1,"l":2},"s":{"a":0,"k":[100,100,100],"ix":6,"l":2}},"ao":0,"shapes":[{"ty":"gr","it":[{"ind":0,"ty":"sh","ix":1,"ks":{"a":0,"k":{"i":[[0,0],[0,-0.69],[-0.69,0],[0,0],[0,0],[-0.488,-0.488],[-0.488,0.488],[0,0],[0,0],[-0.69,0],[0,0.69],[0,0],[0.234,0.234],[0.332,0]],"o":[[-0.69,0],[0,0.69],[0,0],[0,0],[-0.488,0.488],[0.488,0.488],[0,0],[0,0],[0,0.69],[0.69,0],[0,0],[0,-0.332],[-0.234,-0.234],[0,0]],"v":[[-2,-5.25],[-3.25,-4],[-2,-2.75],[0.982,-2.75],[-4.884,3.116],[-4.884,4.884],[-3.116,4.884],[2.75,-0.982],[2.75,2],[4,3.25],[5.25,2],[5.25,-4],[4.884,-4.884],[4,-5.25]],"c":true},"ix":2},"nm":"Path 1","mn":"ADBE Vector Shape - Group","hd":false},{"ty":"fl","c":{"a":0,"k":[0.137254908681,0.137254908681,0.137254908681,1],"ix":4},"o":{"a":0,"k":100,"ix":5},"r":1,"bm":0,"nm":"Fill 1","mn":"ADBE Vector Graphic - Fill","hd":false},{"ty":"tr","p":{"a":0,"k":[0,0],"ix":2},"a":{"a":0,"k":[0,0],"ix":1},"s":{"a":0,"k":[100,100],"ix":3},"r":{"a":0,"k":0,"ix":6},"o":{"a":0,"k":100,"ix":7},"sk":{"a":0,"k":0,"ix":4},"sa":{"a":0,"k":0,"ix":5},"nm":"Transform"}],"nm":"Vector (Stroke)","np":2,"cix":2,"bm":0,"ix":1,"mn":"ADBE Vector Group","hd":false}],"ip":0,"op":100,"st":0,"ct":1,"bm":0},{"ddd":0,"ind":3,"ty":4,"nm":"Outline","sr":1,"ks":{"o":{"a":0,"k":100,"ix":11},"r":{"a":0,"k":0,"ix":10},"p":{"a":0,"k":[12,12,0],"ix":2,"l":2},"a":{"a":0,"k":[12,0.063,0],"ix":1,"l":2},"s":{"a":0,"k":[90.104,90.104,100],"ix":6,"l":2}},"ao":0,"shapes":[{"ty":"gr","it":[{"d":1,"ty":"el","s":{"a":0,"k":[24,24],"ix":2},"p":{"a":0,"k":[0,0],"ix":3},"nm":"Ellipse Path 1","mn":"ADBE Vector Shape - Ellipse","hd":false},{"ty":"st","c":{"a":0,"k":[0.137254901961,0.137254901961,0.137254901961,1],"ix":3},"o":{"a":0,"k":100,"ix":4},"w":{"a":0,"k":2.5,"ix":5},"lc":2,"lj":2,"bm":0,"nm":"Stroke 1","mn":"ADBE Vector Graphic - Stroke","hd":false},{"ty":"tr","p":{"a":0,"k":[12,0.063],"ix":2},"a":{"a":0,"k":[0,0],"ix":1},"s":{"a":0,"k":[100,100],"ix":3},"r":{"a":0,"k":0,"ix":6},"o":{"a":0,"k":100,"ix":7},"sk":{"a":0,"k":0,"ix":4},"sa":{"a":0,"k":0,"ix":5},"nm":"Transform"}],"nm":"Ellipse 1","np":3,"cix":2,"bm":0,"ix":1,"mn":"ADBE Vector Group","hd":false},{"ty":"tm","s":{"a":1,"k":[{"i":{"x":[0.667],"y":[1]},"o":{"x":[0.333],"y":[0]},"t":58,"s":[0]},{"t":97,"s":[100]}],"ix":1},"e":{"a":1,"k":[{"i":{"x":[0.667],"y":[1]},"o":{"x":[0.333],"y":[0]},"t":58,"s":[100]},{"t":97,"s":[100]}],"ix":2},"o":{"a":0,"k":0,"ix":3},"m":1,"ix":2,"nm":"Trim Paths 1","mn":"ADBE Vector Filter - Trim","hd":false}],"ip":0,"op":100,"st":0,"ct":1,"bm":0}],"markers":[{"tm":0,"cm":"{\r\n\"name\":\"SEGMENT 1\"\r\n}","dr":0},{"tm":53,"cm":"{\r\n\"name\":\"SEGMENT 2\"\r\n}","dr":0},{"tm":97,"cm":"{\r\n\"name\":\"SEGMENT 3\"\r\n}","dr":0}]}