{
  "version": 11,
  "name": "Light",
  "id": "light",
  "brightness": "light",
  "colors": {
    "coin": {
      "bitcoin": "0xFFFCC17B",
      "litecoin": "0xFF7FA6E1",
      "bitcoincash": "0xFF7BCFB8",
      "firo": "0xFFFF897A",
      "dogecoin": "0xFFFFE079",
      "ecash": "0xFF0074C2",
      "epicCash": "0xFFC5C7CB",
      "ethereum": "0xFFA7ADE9",
      "monero": "0xFFFF9E6B",
      "namecoin": "0xFF91B1E1",
      "wownero": "0xFFED80C1",
      "particl": "0xFF8175BD",
      "nano": "0xFF8175BD",
      "banano": "0xFFFBDD11",
      "stellar": "0xFFFBDD11",
      "tezos": "0xFF0F61FF",
      "bitcoinFrost": "0xFF68F0F9",
      "peercoin": "0xFF3CB054",
      "solana": "0xFF9945FF"
    },
    "background": "0xFFFFF1F1",
    "background_app_bar": "0xFFFFF1F1",
    "overlay": "0xFF111215",
    "accent_color_blue": "0xFFB62039",
    "accent_color_green": "0xFF4CC0A0",
    "accent_color_yellow": "0xFFF7D65D",
    "accent_color_red": "0xFFD34E50",
    "accent_color_orange": "0xFFFEA68D",
    "accent_color_dark": "0xFF20263D",
    "shadow": "0x0F2D3132",
    "text_dark_one": "0xFF20263D",
    "text_dark_two": "0xFF414141",
    "text_dark_three": "0xFF747778",
    "text_white": "0xFFFFFFFF",
    "text_favorite": "0xFF20263D",
    "text_error": "0xFF930006",
    "text_restore": "0xFF111215",
    "text_subtitle_one": "0xFF8E9192",
    "text_subtitle_two": "0xFFA9ACAC",
    "text_subtitle_three": "0xFFC4C7C7",
    "text_subtitle_four": "0xFFE0E3E3",
    "text_subtitle_five": "0xFFEEEFF1",
    "text_subtitle_six": "0xFFF5F5F5",
    "button_back_primary": "0xFFB62039",
    "button_back_secondary": "0xFFFFD9D9",
    "button_back_primary_disabled": "0xFFE9C9C9",
    "button_back_secondary_disabled": "0xFFF0F1F1",
    "button_back_border": "0xFFB62039",
    "button_back_border_disabled": "0xFFB6B6B6",
    "button_back_border_secondary": "0xFFE0E3E3",
    "button_back_border_secondary_disabled": "0xFFF0F1F1",
    "number_back_default": "0xFFFFFFFF",
    "numpad_back_default": "0xFFB62039",
    "bottom_nav_back": "0xFFFFFFFF",
    "button_text_primary": "0xFFFFFFFF",
    "button_text_secondary": "0xFFB62039",
    "button_text_primary_disabled": "0xFFF8F8F8",
    "button_text_secondary_disabled": "0xFFB7B7B7",
    "button_text_border": "0xFF20263D",
    "button_text_disabled": "0xFFB6B6B6",
    "button_text_borderless": "0xFFB62039",
    "button_text_borderless_disabled": "0xFFB6B6B6",
    "number_text_default": "0xFF20263D",
    "numpad_text_default": "0xFFFFFFFF",
    "bottom_nav_text": "0xFF20263D",
    "custom_text_button_enabled_text": "0xFFB62039",
    "custom_text_button_disabled_text": "0xFF8E9192",
    "switch_bg_on": "0xFFB62039",
    "switch_bg_off": "0xFFEBB1BB",
    "switch_bg_disabled": "0xFFC5C6C9",
    "switch_circle_on": "0xFFF3C8CF",
    "switch_circle_off": "0xFFFBFCFF",
    "switch_circle_disabled": "0xFFFBFCFF",
    "step_indicator_bg_check": "0xFFF3C8CF",
    "step_indicator_bg_number": "0xFFF3C8CF",
    "step_indicator_bg_inactive": "0xFFCDCDCD",
    "step_indicator_bg_lines": "0xFFB62039",
    "step_indicator_bg_lines_inactive": "0xFFCDCDCD",
    "step_indicator_icon_text": "0xFFB62039",
    "step_indicator_icon_number": "0xFFB62039",
    "step_indicator_icon_inactive": "0xFFF7F7F7",
    "checkbox_bg_checked": "0xFFB62039",
    "checkbox_border_empty": "0xFF8E9192",
    "checkbox_bg_disabled": "0xFFEBB1BB",
    "checkbox_icon_checked": "0xFFFFFFFF",
    "checkbox_icon_disabled": "0xFFFFFFFF",
    "checkbox_text_label": "0xFF20263D",
    "snack_bar_back_success": "0xFFB9E9D4",
    "snack_bar_back_error": "0xFFFFDAD4",
    "snack_bar_back_info": "0xFFDAE2FF",
    "snack_bar_text_success": "0xFF006C4D",
    "snack_bar_text_error": "0xFF930006",
    "snack_bar_text_info": "0xFF002A78",
    "bottom_nav_icon_back": "0xFFA2A2A2",
    "bottom_nav_icon_icon": "0xFF20263D",
    "bottom_nav_icon_icon_highlighted": "0xFFB62039",
    "top_nav_icon_primary": "0xFF20263D",
    "top_nav_icon_green": "0xFF00A578",
    "top_nav_icon_yellow": "0xFFF4C517",
    "top_nav_icon_red": "0xFFC00205",
    "settings_icon_back": "0xFFF9E9EC",
    "settings_icon_icon": "0xFFB62039",
    "settings_icon_back_two": "0xFF94D6C4",
    "settings_icon_element": "0xFF00A578",
    "text_field_active_bg": "0xFFF1EEEE",
    "text_field_default_bg": "0xFFF1EEEE",
    "text_field_error_bg": "0xFFFFDAD4",
    "text_field_success_bg": "0xFFB9E9D4",
    "text_field_error_border": "0xFFFFDAD4",
    "text_field_success_border": "0xFFB9E9D4",
    "text_field_active_search_icon_left": "0xFFA9ACAC",
    "text_field_default_search_icon_left": "0xFFA9ACAC",
    "text_field_error_search_icon_left": "0xFF930006",
    "text_field_success_search_icon_left": "0xFF006C4D",
    "text_field_active_text": "0xFF20263D",
    "text_field_default_text": "0xFFA9ACAC",
    "text_field_error_text": "0xFF20263D",
    "text_field_success_text": "0xFF20263D",
    "text_field_active_label": "0xFFA9ACAC",
    "text_field_error_label": "0xFF930006",
    "text_field_success_label": "0xFF006C4D",
    "text_field_active_search_icon_right": "0xFF747778",
    "text_field_default_search_icon_right": "0xFF747778",
    "text_field_error_search_icon_right": "0xFF930006",
    "text_field_success_search_icon_right": "0xFF006C4D",
    "settings_item_level_two_active_bg": "0xFFFFFFFF",
    "settings_item_level_two_active_text": "0xFF20263D",
    "settings_item_level_two_active_sub": "0xFF8E9192",
    "radio_button_icon_border": "0xFFB62039",
    "radio_button_icon_border_disabled": "0xFF8F909A",
    "radio_button_border_enabled": "0xFFB62039",
    "radio_button_border_disabled": "0xFF8F909A",
    "radio_button_icon_circle": "0xFFB62039",
    "radio_button_icon_enabled": "0xFFB62039",
    "radio_button_text_enabled": "0xFF44464E",
    "radio_button_text_disabled": "0xFF44464E",
    "radio_button_label_enabled": "0xFF8E9192",
    "radio_button_label_disabled": "0xFF8E9192",
    "info_item_bg": "0xFFFFFFFF",
    "info_item_label": "0xFF8E9192",
    "info_item_text": "0xFF20263D",
    "info_item_icons": "0xFFB62039",
    "popup_bg": "0xFFFFFFFF",
    "currency_list_item_bg": "0xFFF9F9FC",
    "sw_bg": "0xFFFFFFFF",
    "sw_mid": "0xFFFFFFFF",
    "sw_bottom": "0xFF232323",
    "bottom_nav_shadow": "0xFF282E33",
    "favorite_star_active": "0xFFB62039",
    "favorite_star_inactive": "0xFFC4C7C7",
    "splash": "0x358E9192",
    "highlight": "0x44A9ACAC",
    "warning_foreground": "0xFF20263D",
    "warning_background": "0xFFFFDAD3",
    "loading_overlay_text_color": "0xFFF7F7F7",
    "my_stack_contact_icon_bg": "0xFFEEEFF1",
    "text_confirm_total_amount": "0xFF20263D",
    "text_selected_word_table_iterm": "0xFF20263D",
    "rate_type_toggle_color_on": "0xFFEEEFF1",
    "rate_type_toggle_color_off": "0xFFFFFFFF",
    "rate_type_toggle_desktop_color_on": "0xFFEEEFF1",
    "rate_type_toggle_desktop_color_off": "0xFFE0E3E3",
    "eth_tag_text": "0xFFFFFFFF",
    "eth_tag_bg": "0xFF4D5798",
    "eth_wallet_tag_text": "0xFF4D5798",
    "eth_wallet_tag_bg": "0xFFF0F3FD",
    "token_summary_text_primary": "0xFF20263D",
    "token_summary_text_secondary": "0xFF8488AB",
    "token_summary_bg": "0xFFE9EAFF",
    "token_summary_button_bg": "0xFFFFFFFF",
    "token_summary_icon": "0xFF424A97",
    "box_shadows": {
      "standard": {
        "color": "0x0F2D3132",
        "spread_radius": 3.0,
        "blur_radius": 4.0
      },
      "home_view_button_bar": {
        "color": "0x0F2D3132",
        "spread_radius": 3.0,
        "blur_radius": 4.0
      }
    }
  },
  "assets": {
    "bitcoin": "svg/coin_icons/small/Bitcoin.svg",
    "litecoin": "svg/coin_icons/small/Litecoin.svg",
    "bitcoincash": "svg/coin_icons/small/Bitcoincash.svg",
    "dogecoin": "svg/coin_icons/small/Dogecoin.svg",
    "eCash": "svg/coin_icons/small/Ecash.svg",
    "epicCash": "svg/coin_icons/small/EpicCash.svg",
    "ethereum": "svg/coin_icons/small/Ethereum.svg",
    "firo": "svg/coin_icons/small/Firo.svg",
    "monero": "svg/coin_icons/small/Monero.svg",
    "wownero": "svg/coin_icons/small/Wownero.svg",
    "namecoin": "svg/coin_icons/small/Namecoin.svg",
    "particl": "svg/coin_icons/small/Particl.svg",
    "bitcoin_image": "svg/coin_icons/big/bitcoin.svg",
    "litecoin_image": "svg/coin_icons/big/litecoin.svg",
    "bitcoincash_image": "svg/coin_icons/big/bitcoincash.svg",
    "dogecoin_image": "svg/coin_icons/big/doge.svg",
    "ecash_image": "svg/coin_icons/big/ecash.svg",
    "epicCash_image": "svg/coin_icons/big/epic-cash.svg",
    "ethereum_image": "svg/coin_icons/big/ethereum.svg",
    "firo_image": "svg/coin_icons/big/firo.svg",
    "monero_image": "svg/coin_icons/big/monero.svg",
    "wownero_image": "svg/coin_icons/big/wownero.svg",
    "namecoin_image": "svg/coin_icons/big/namecoin.svg",
    "particl_image": "svg/coin_icons/big/particl.svg",
    "bitcoin_image_secondary": "svg/coin_icons/big/bitcoin.svg",
    "litecoin_image_secondary": "svg/coin_icons/big/litecoin.svg",
    "bitcoincash_image_secondary": "svg/coin_icons/big/bitcoincash.svg",
    "dogecoin_image_secondary": "svg/coin_icons/big/doge.svg",
    "ecash_image_secondary": "svg/coin_icons/big/ecash.svg",
    "epicCash_image_secondary": "svg/coin_icons/big/epic-cash.svg",
    "ethereum_image_secondary": "svg/coin_icons/big/ethereum.svg",
    "firo_image_secondary": "svg/coin_icons/big/firo.svg",
    "monero_image_secondary": "svg/coin_icons/big/monero.svg",
    "wownero_image_secondary": "svg/coin_icons/big/wownero.svg",
    "namecoin_image_secondary": "svg/coin_icons/big/namecoin.svg",
    "particl_image_secondary": "svg/coin_icons/big/particl.svg",
    "coins": {
      "icons": {
        "bitcoin": "svg/coin_icons/small/Bitcoin.svg",
        "litecoin": "svg/coin_icons/small/Litecoin.svg",
        "bitcoincash": "svg/coin_icons/small/Bitcoincash.svg",
        "bitcoinFrost": "svg/coin_icons/small/BitcoinFrost.svg",
        "dogecoin": "svg/coin_icons/small/Dogecoin.svg",
        "eCash": "svg/coin_icons/small/Ecash.svg",
        "epicCash": "svg/coin_icons/small/EpicCash.svg",
        "ethereum": "svg/coin_icons/small/Ethereum.svg",
        "firo": "svg/coin_icons/small/Firo.svg",
        "monero": "svg/coin_icons/small/Monero.svg",
        "wownero": "svg/coin_icons/small/Wownero.svg",
        "namecoin": "svg/coin_icons/small/Namecoin.svg",
        "particl": "svg/coin_icons/small/Particl.svg",
        "nano": "svg/coin_icons/small/nano.svg",
        "banano": "svg/coin_icons/small/Banano.svg",
        "stellar": "svg/coin_icons/small/Stellar.svg",
        "tezos": "svg/coin_icons/small/Tezos.svg",
        "peercoin": "svg/coin_icons/small/Peercoin.svg",
        "solana": "svg/coin_icons/small/Solana.svg"
      },
      "images": {
        "bitcoin": "svg/coin_icons/big/bitcoin.svg",
        "litecoin": "svg/coin_icons/big/litecoin.svg",
        "bitcoincash": "svg/coin_icons/big/bitcoincash.svg",
        "bitcoinFrost": "svg/coin_icons/big/bitcoin-frost.svg",
        "dogecoin": "svg/coin_icons/big/doge.svg",
        "eCash": "svg/coin_icons/big/ecash.svg",
        "epicCash": "svg/coin_icons/big/epic-cash.svg",
        "ethereum": "svg/coin_icons/big/ethereum.svg",
        "firo": "svg/coin_icons/big/firo.svg",
        "monero": "svg/coin_icons/big/monero.svg",
        "wownero": "svg/coin_icons/big/wownero.svg",
        "namecoin": "svg/coin_icons/big/namecoin.svg",
        "particl": "svg/coin_icons/big/particl.svg",
        "nano": "svg/coin_icons/big/nano.svg",
        "banano": "svg/coin_icons/big/banano.svg",
        "stellar": "svg/coin_icons/big/stellar.svg",
        "tezos": "svg/coin_icons/big/tezos.svg",
        "peercoin": "svg/coin_icons/big/peercoin.svg",
        "solana": "svg/coin_icons/big/solana.svg"
      },
      "secondaries": {
        "bitcoin": "svg/coin_icons/big/bitcoin.svg",
        "litecoin": "svg/coin_icons/big/litecoin.svg",
        "bitcoincash": "svg/coin_icons/big/bitcoincash.svg",
        "bitcoinFrost": "svg/coin_icons/big/bitcoin-frost.svg",
        "dogecoin": "svg/coin_icons/big/doge.svg",
        "eCash": "svg/coin_icons/big/ecash.svg",
        "epicCash": "svg/coin_icons/big/epic-cash.svg",
        "ethereum": "svg/coin_icons/big/ethereum.svg",
        "firo": "svg/coin_icons/big/firo.svg",
        "monero": "svg/coin_icons/big/monero.svg",
        "wownero": "svg/coin_icons/big/wownero.svg",
        "namecoin": "svg/coin_icons/big/namecoin.svg",
        "particl": "svg/coin_icons/big/particl.svg",
        "nano": "svg/coin_icons/big/nano.svg",
        "banano": "svg/coin_icons/big/banano.svg",
        "stellar": "svg/coin_icons/big/stellar.svg",
        "tezos": "svg/coin_icons/big/tezos.svg",
        "peercoin": "svg/coin_icons/big/peercoin.svg",
        "solana": "svg/coin_icons/big/solana.svg"
      }
    },
    "coin_placeholder": "svg/stack-icon1.svg",
    "bell_new": "svg/bell-new.svg",
    "persona_incognito": "svg/persona-incognito-1.svg",
    "persona_easy": "svg/persona-easy-1.svg",
    "stack": "svg/stack.svg",
    "stack_icon": "svg/stack-icon1.svg",
    "receive": "svg/tx-icon-receive.svg",
    "receive_pending": "svg/tx-icon-receive-pending.svg",
    "receive_cancelled": "svg/tx-icon-receive-failed.svg",
    "send": "svg/tx-icon-send.svg",
    "tx_exchange": "svg/tx-exchange-icon.svg",
    "tx_exchange_pending": "svg/tx-exchange-icon-pending.svg",
    "tx_exchange_failed": "svg/tx-exchange-icon-failed.svg",
    "buy": "svg/buy-coins-icon.svg",
    "exchange": "svg/exchange-2.svg",
    "send_pending": "svg/tx-icon-send-pending.svg",
    "send_cancelled": "svg/tx-icon-send-failed.svg",
    "theme_selector": "svg/light-mode.svg",
    "theme_preview": "png/light-mode.png"
  }
}